name,platform,file,sequence,vol_min,vol_max,dist_min,dist_max,limit_count,limit_type,entity_limit_count,entity_limit_type,bus,volume_min_falloff_curve,volumefalloffcurve,reverb_send,dist_reverb_max,reverb_min_falloff_curve,reverb_falloff_curve,pitch_min,pitch_max,randomize_type,spatialized,type,probability,loop,masterslave,loadspec,subtitle,compression,secondaryaliasname,chainaliasname,startdelay,speakermap,lfe percentage,center percentage,envelop_min,envelop_max,envelop percentage,occlusion_level,occlusion_wet_dry,real_delay,distance_lpf,move_type,move_time,min_priority,max_priority,min_priority_threshold,max_priority_threshold,doppler,isbig
,,,,,,,,,,,,,,,,,,,,,,,,,,,,,,,,,,,,,,,,,,,,,,,,,,
#DP27,,,,,,,,,,,,,,,,,,,,,,,,,,,,,,,,,,,,,,,,,,,,,,,,,,
weap_dp28_fire_plr,,SFX\Weapon\MG\dp28\fire\wpn_dp28_st_f.wav,,0.65,0.65,,,1,oldest,,,smg_1st,,,,,,,0.98,1.02,,2d,,,,0.75,ber1 ber3 firing_range audio_test_tuey ber3b living_battlefield all_mp sniper,,,weap_dp28_fire_plr_r,,,wpn_all,0.1,,,,,,,,,,,90,90,0.25,1,,yes
weap_dp28_fire_plr_r,,SFX\Weapon\MG\dp28\fire\wpn_dp28_st_r.wav,,0.65,0.65,,,1,oldest,,,smg_1st,,,,,,,0.9,1.1,,2d,,,,0.75,ber1 ber3 firing_range audio_test_tuey ber3b living_battlefield all_mp sniper,,,weap_dp28_fire_plr_act,,,wpn_fnt,,,,,,,,,,,,90,90,0.25,1,,yes
weap_dp28_fire_plr_act,,SFX\Weapon\MG\dp28\fire\wpn_dp28_st_act.wav,,0.65,0.65,,,2,oldest,,,smg_1st,,,,,,,0.98,1.02,,2d,,,,0.75,ber1 ber3 firing_range audio_test_tuey ber3b living_battlefield all_mp sniper,,,weap_dp28_move_l,,,wpn_fnt,,,,,,,,,,,,90,90,0.25,1,,yes
weap_dp28_fire,,SFX\Weapon\MG\dp28\wpn_dp28_mn.wav,,0.8,0.9,250,1700,10,priority,2,oldest,rfl_3rd,,,,2000,,,0.95,1.05,,3d,,,,0.7,ber1 ber3 firing_range audio_test_tuey ber3b living_battlefield all_mp sniper,,,weap_dp28_fire_act,,,,,,,,,,,,,,,50,90,0.35,1,,yes
weap_dp28_fire_act,,SFX\Weapon\MG\dp28\wpn_dp28_mn_act.wav,,0.8,0.9,100,600,10,priority,2,oldest,smg_3rd,,,,1000,,,0.95,1.05,,3d,,,,0.7,ber1 ber3 audio_test_tuey firing_range ber3b living_battlefield all_mp sniper,,,weap_dp28_fire_dist,,,,,,,,,,,,,,,10,40,0.65,1,,yes
weap_dp28_fire_dist,,SFX\Weapon\dist\rus\dist_rus_mg.wav,,0.7,0.8,700,6000,10,priority,2,oldest,dist_hmg,rcurve3,curve2,0.8,12000,,rcurve3,0.85,1.05,variant pitch,3d,,,,0.7,ber1 audio_test_tuey ber3 firing_range ber3b living_battlefield all_mp sniper,,,shell_eject_rifle,,,,,,,,,,,,no,,,70,20,0.35,1,,yes
,,,,,,,,,,,,,,,,,,,,,,,,,,,,,,,,,,,,,,,,,,,,,,,,,,
weap_dp28_move_l,,SFX\Weapon\Rifle\M1_Carbine\Fire\ring\car_m_left.wav,,0.85,0.9,200,6000,3,oldest,,,decay,,curve5,,,,,0.98,1.02,,3d,,,,,ber1 ber3 firing_range ber3b living_battlefield all_mp sniper,,,weap_dp28_move_r,,75,,,,,,,,,,,left_shot,1,90,90,0.25,1,,yes
weap_dp28_move_r,,SFX\Weapon\Rifle\M1_Carbine\Fire\ring\car_m_right.wav,,0.85,0.9,200,6000,3,oldest,,,decay,,curve5,,,,,1,1,,3d,,,,,ber1 ber3 firing_range ber3b living_battlefield all_mp sniper,,,shell_eject_rifle,,100,,,,,,,,,,,right_shot,1,90,90,0.25,1,,yes
,,,,,,,,,,,,,,,,,,,,,,,,,,,,,,,,,,,,,,,,,,,,,,,,,,
gr_dp28_mag_in_plr,,SFX\Weapon\MG\dp28\foley\gr_dp28_mag_in.wav,,0.75,0.8,,,,,,,reload,,,,,,curve4,0.95,1.05,,2d,,,,,ber1 ber3 firing_range ber3b audio_test_tuey living_battlefield all_mp sniper,,,,,,,,0.5,,,,,,,,,,80,95,0.55,1,,
gr_dp28_mag_out_plr,,SFX\Weapon\MG\dp28\foley\gr_dp28_mag_out.wav,,0.75,0.8,,,,,,,reload,,,,,,curve4,0.95,1.05,,2d,,,,,ber1 ber3 firing_range audio_test_tuey ber3b living_battlefield all_mp sniper,,,,,,,,0.5,,,,,,,,,,80,95,0.55,1,,
gr_dp28_mag_land_plr,,SFX\Weapon\MG\dp28\foley\gr_dp28_mag_land.wav,,0.4,0.5,,,,,,,reload,,,,,,curve4,0.95,1.05,,2d,,,,,ber1 ber3 firing_range audio_test_tuey ber3b living_battlefield all_mp sniper,,,,,,,,0.5,,,,,,,,,,80,95,0.55,1,,
gr_dp28_tap_plr,,SFX\Weapon\MG\dp28\foley\gr_dp28_tap.wav,,0.75,0.8,,,,,,,reload,,,,,,curve4,0.95,1.05,,2d,,,,,ber1 ber3 firing_range ber3b audio_test_tuey living_battlefield all_mp sniper,,,,,,,,0.5,,,,,,,,,,80,95,0.55,1,,
gr_dp28_charge_plr,,SFX\Weapon\mg\30cal\foley\gr_30cal_charge.wav,,0.75,0.8,,,,,,,reload,,,,,,curve4,0.95,1.05,,2d,,,,,ber1 ber3 firing_range audio_test_tuey ber3b living_battlefield all_mp sniper,,,,,,,,0.5,,,,,,,,,,80,95,0.55,1,,
,,,,,,,,,,,,,,,,,,,,,,,,,,,,,,,,,,,,,,,,,,,,,,,,,,
# M1921 Thompson,,,,,,,,,,,,,,,,,,,,,,,,,,,,,,,,,,,,,,,,,,,,,,,,,,
zmb_wpn_m1921_f_plr,,sfx\wpn\zmb_wpn_m1921\zmb_wpn_m1921_f_plr.wav,,0.8,0.85,,,2,oldest,,,smg_1st,,,,,,,1,1,,2d,,,,0.75,all_mp all_sp,,,zmb_wpn_m1921_act_plr,,,wpn_all,,,,,,,,,,,,90,90,0.25,1,,
zmb_wpn_m1921_act_plr,,sfx\wpn\zmb_wpn_m1921\zmb_wpn_m1921_act_plr.wav,,0.55,0.55,,,2,oldest,,,smg_1st,,,,,,,0.9,1,,2d,,,,0.75,all_mp all_sp,,,weap_thompson_move_l,,,wpn_all,,,,,,,,,,,,90,90,0.25,1,,
zmb_wpn_m1921_f,,sfx\wpn\zmb_wpn_m1921\zmb_wpn_m1921_f.wav,,0.7,0.7,250,1500,10,priority,2,oldest,smg_3rd,,curve2,,2000,,,0.95,1.05,,3d,,,,0.7,all_mp all_sp,,,zmb_wpn_m1921_act,,,,,,,,,,,,,,,50,90,0.35,1,,
zmb_wpn_m1921_act,,sfx\wpn\zmb_wpn_m1921\zmb_wpn_m1921_act.wav,,0.9,0.9,100,600,10,priority,2,oldest,smg_3rd,,curve3,,1000,,,0.95,1.05,,3d,,,,0.7,all_mp all_sp,,,zmb_wpn_m1921_f_dist,,,,,,,,,,,,,,,10,40,0.65,1,,
zmb_wpn_m1921_f_dist,,SFX\Weapon\dist\us\dist_us_smg.wav,,0.6,0.7,700,6000,10,priority,2,oldest,dist_wpn,,curve2,0.8,12000,,rcurve3,0.85,1.05,variant pitch,3d,,,,0.7,all_mp all_sp,,,shell_eject_rifle,,,,,,,,,,,,no,,,70,20,0.35,1,,
gr_zmb_wpn_m1921_bolt_plr,,sfx\wpn\zmb_wpn_m1921\zmb_wpn_m1921_bolt.wav,,1,1,,,,,,,reload,,,0.8,,,,1,1,,2d,,,,,,,,,,,wpn_all,0.2,,,,,,,,,,,90,90,0.25,1,,
gr_zmb_wpn_m1921_mag_in_plr,,sfx\wpn\zmb_wpn_m1921\zmb_wpn_m1921_mag_in.wav,,1,1,,,,,,,reload,,,0.8,,,,1,1,,2d,,,,,,,,,,,wpn_all,0.2,,,,,,,,,,,90,90,0.25,1,,
gr_zmb_wpn_m1921_mag_out_plr,,sfx\wpn\zmb_wpn_m1921\zmb_wpn_m1921_mag_out.wav,,1,1,,,,,,,reload,,,0.8,,,,1,1,,2d,,,,,,,,,,,wpn_all,0.2,,,,,,,,,,,90,90,0.25,1,,
# M1921 Dry Fire,,,,,,,,,,,,,,,,,,,,,,,,,,,,,,,,,,,,,,,,,,,,,,,,,,
zmb_wpn_m1921_dry_f_plr,,sfx\wpn\zmb_wpn_m1921\zmb_wpn_m1921_dry_f_plr.wav,,0.8,0.85,,,,,,,smg_1st,,,,,,,1,1,,2d,,,,,all_sp all_mp,,,,,,wpn_fnt,,0.2,,,,,,,,,,90,90,0.25,1,,
,,,,,,,,,,,,,,,,,,,,,,,,,,,,,,,,,,,,,,,,,,,,,,,,,,
zmb_wpn_m1921_dry_f,,sfx\wpn\zmb_wpn_m1921\zmb_wpn_m1921_dry_f.wav,,0.9,1,50,600,2,priority,1,oldest,smg_3rd,,curve1,,,,,0.95,1.05,pitch,3d,,,,0.7,all_sp all_mp,,,,,,,,,,,,,,,,,,20,70,0.35,1,,
,,,,,,,,,,,,,,,,,,,,,,,,,,,,,,,,,,,,,,,,,,,,,,,,,,
#Mosin nagant,,,,,,,,,,,,,,,,,,,,,,,,,,,,,,,,,,,,,,,,,,,,,,,,,,
weap_mosinnagant_fire_plr,,SFX\Weapon\Rifle\Mosin_Nagant\fire\wpn_mosin_st_f.wav,,1,1,,,,,,,rfl_1st,,curve3,,,,,1,1,,2d,,,,0.75,"see1 see2 ber1 ber2 ber3 firing_range ber3b living_battlefield all_mp sniper ",,,weap_mosinnagant_fire_plr_act,,,wpn_all,0.5,,,,,,,,,,,90,90,0.25,1,,
#weap_mosinnagant_fire_plr_r,,SFX\Weapon\Rifle\Kar_98\Fire\wpn_kar98_st_r.wav,,1,1,,,,,,,rfl_1st,,curve3,,,,,0.9,1.1,,2d,,,,0.75,see1 see2 ber1 ber2 ber3 firing_range ber3b living_battlefield all_mp sniper,,,weap_mosinnagant_fire_plr_act,,,wpn_rear,0.5,,,,,,,,,,,90,90,0.25,1,,
weap_mosinnagant_fire_plr_act,,SFX\Weapon\Rifle\Mosin_Nagant\fire\wpn_mosin_st_act.wav,,1,1,35,500,,,,,rfl_1st,,curve3,,,,,0.97,1.03,,2d,,,,0.7,see1 see2 ber1 ber2 ber3 firing_range ber3b living_battlefield all_mp sniper,,,weap_mosinnagant_move_l,,,wpn_all,0.5,,,,,,,,,,,90,90,0.25,1,,
#weap_mosinnagant_fire_plr_sur,,SFX\Weapon\Rifle\Mosin_Nagant\fire\wpn_mosin_st_sur.wav,,0.8,0.9,35,500,,,,,rfl_1st,,curve3,,,,,0.97,1.03,,2d,,,,0.7,see1 see2 ber1 ber2 ber3 firing_range ber3b living_battlefield all_mp sniper,,,,,,wpn_all,0.5,,,,,,,,,,,90,90,0.25,1,,
weap_mosinnagant_fire,,SFX\Weapon\Rifle\Mosin_Nagant\fire\mono_##,,0.8,0.9,250,2000,10,priority,2,oldest,rfl_3rd,,,,2000,,,0.95,1.05,variant,3d,,,,0.7,see1 see2 ber1 ber2 ber3 firing_range ber3b living_battlefield all_mp sniper,,,weap_mosinnagant_fire_act,,,,,,,,,,,,,,,50,90,0.35,1,,
weap_mosinnagant_fire_act,,SFX\Weapon\Rifle\Mosin_Nagant\fire\wpn_mosin_mn_act.wav,,0.8,0.9,100,600,10,priority,2,oldest,rfl_3rd,,,,1000,,,0.95,1.05,pitch,3d,,,,0.7,see1 see2 ber1 ber2 ber3 firing_range ber3b living_battlefield all_mp sniper,,,weap_mosinnagant_fire_dist,,,,,,,,,,,,,,,70,20,0.35,1,,
weap_mosinnagant_fire_dist,,SFX\Weapon\dist\rus\dist_rus_rifle.wav,,0.8,0.9,700,6000,10,priority,2,oldest,dist_wpn,,curve2,0.8,12000,,rcurve3,0.85,1.05,pitch,3d,,,,0.7,see1 see2 ber1 ber2 ber3 firing_range ber3b living_battlefield all_mp sniper,,,weap_mosin_move_l_mn,,,,,,,,,,,,no,,,70,20,0.35,1,,
gr_mosin_bolt_back_plr,,SFX\Weapon\Rifle\mosin_nagant\Foley\gr_mosin_bolt_back.wav,,0.85,0.9,,,,,,,reload,,,,,,curve4,0.95,1.05,,2d,,,,,see1 see2 ber1 ber2 ber3 firing_range ber3b living_battlefield all_mp sniper,,,shell_eject_rifle,,,,,0.5,,,,,,,,,,80,95,0.55,1,,
gr_mosin_bolt_front_plr,,SFX\Weapon\Rifle\mosin_nagant\Foley\gr_mosin_bolt_forward.wav,,0.85,0.9,,,,,,,reload,,,,,,curve4,0.95,1.05,,2d,,,,,see1 see2 ber1 ber2 ber3 firing_range ber3b living_battlefield all_mp sniper,,,,,,,,0.5,,,,,,,,,,80,95,0.55,1,,
gr_mosin_bolt_up_plr,,SFX\Weapon\Rifle\mosin_nagant\Foley\gr_mosin_bolt_up.wav,,0.85,0.9,,,,,,,reload,,,,,,curve4,0.95,1.05,,2d,,,,,see1 see2 ber1 ber2 ber3 firing_range ber3b living_battlefield all_mp sniper,,,,,,,,0.5,,,,,,,,,,80,95,0.55,1,,
gr_mosin_bolt_down_plr,,SFX\Weapon\Rifle\mosin_nagant\Foley\gr_mosin_bolt_down.wav,,0.85,0.9,,,,,,,reload,,,,,,curve4,0.95,1.05,,2d,,,,,see1 see2 ber1 ber2 ber3 firing_range ber3b living_battlefield all_mp sniper,,,,,,,,0.5,,,,,,,,,,80,95,0.55,1,,
gr_mosin_futz_plr,,SFX\Weapon\Pistols\Colt1911\Foley\1911_futz.wav,,0.85,0.9,,,,,,,reload,,,,,,curve4,0.95,1.05,,2d,,,,,see1 see2 ber1 ber2 ber3 firing_range ber3b living_battlefield all_mp sniper,,,,,,,,0.5,,,,,,,,,,80,95,0.55,1,,
gr_mosin_clip_in_plr,,SFX\Weapon\Rifle\M1Gar\Foley\m1gar_clip_in.wav,,0.85,0.9,,,,,,,reload,,,,,,curve4,0.95,1.05,,2d,,,,,see1 see2 ber1 ber2 ber3 firing_range ber3b living_battlefield all_mp sniper,,,,,,,,0.5,,,,,,,,,,80,95,0.55,1,,
gr_mosin_clip_eject_plr,,SFX\Weapon\Rifle\Kar_98\Foley\gr_kar98_clip_eject.wav,,0.85,0.9,,,,,,,reload,,,,,,curve4,0.95,1.05,,2d,,,,,see1 see2 ber1 ber2 ber3 firing_range ber3b living_battlefield all_mp sniper,,,,,,,,0.5,,,,,,,,,,80,95,0.55,1,,
gr_mosin_clip_land_plr,,SFX\Weapon\Rifle\Kar_98\Foley\gr_kar98_clip_land.wav,,0.85,0.9,,,,,,,reload,,,,,,curve4,0.95,1.05,,2d,,,,,see1 see2 ber1 ber2 ber3 firing_range ber3b living_battlefield all_mp sniper,,,,,,,,0.5,,,,,,,,,,80,95,0.55,1,,
,,,,,,,,,,,,,,,,,,,,,,,,,,,,,,,,,,,,,,,,,,,,,,,,,,
weap_mosinnagant_move_l,,SFX\Weapon\Rifle\M1_Carbine\Fire\ring\car_m_left.wav,,0.5,0.6,500,6000,,,,,decay,,curve3,,,,,0.98,1.02,,3d,,,,,see1 see2 ber1 ber2 ber3 firing_range ber3b living_battlefield all_mp sniper,,,weap_mosinnagant_move_r,,100,,,,,,,,,,,left_shot,20,90,90,0.25,1,,
weap_mosinnagant_move_r,,SFX\Weapon\Rifle\M1_Carbine\Fire\ring\car_m_right.wav,,0.5,0.6,500,6000,,,,,decay,,curve3,,,,,1,1,,3d,,,,,see1 see2 ber1 ber2 ber3 firing_range ber3b living_battlefield all_mp sniper,,,,,125,,,,,,,,,,,right_shot,20,90,90,0.25,1,,
,,,,,,,,,,,,,,,,,,,,,,,,,,,,,,,,,,,,,,,,,,,,,,,,,,
weap_mosin_move_l_mn,,SFX\Weapon\Rifle\M1_Carbine\Fire\ring\car_m_left.wav,,0.95,1,1000,6000,,,,,decay,,curve3,,,,,0.98,1.02,,3d,,,,0.75,see1 see2 ber1 ber2 ber3 firing_range ber3b living_battlefield all_mp sniper,,,weap_mosin_move_r_mn,,,,,,,,,,,,,left_shot,2,90,90,0.25,1,,
weap_mosin_move_r_mn,,SFX\Weapon\Rifle\M1_Carbine\Fire\ring\car_m_right.wav,,0.9,1,1000,6000,,,,,decay,,curve3,,,,,1,1,,3d,,,,0.75,see1 see2 ber1 ber2 ber3 firing_range ber3b living_battlefield all_mp sniper,,,shell_eject_rifle,,,,,,,,,,,,,right_shot,2,90,90,0.25,1,,
,,,,,,,,,,,,,,,,,,,,,,,,,,,,,,,,,,,,,,,,,,,,,,,,,,
#PPSH,,,,,,,,,,,,,,,,,,,,,,,,,,,,,,,,,,,,,,,,,,,,,,,,,,
weap_ppsh_fire_plr,,SFX\Weapon\SMG\ppsh\Fire\wpn_ppsh_st_f.wav,,0.8,0.9,,,1,oldest,,,smg_1st,,curve3,,,,,1,1,,2d,,,,0.75,see1 ber1 ber2 ber3 audio_test_tuey firing_range ber3b living_battlefield all_mp sniper,,,weap_ppsh_fire_action_plr,,,wpn_all,0.5,,,,,,,,,,,90,90,0.25,1,,
weap_ppsh_fire_action_plr,,SFX\Weapon\SMG\ppsh\Fire\wpn_ppsh_st_act.wav,,1,1,35,500,1,oldest,,,smg_1st,,curve3,,,,,0.97,1.03,,2d,,,,0.7,see1 ber1 ber2 ber3 audio_test_tuey firing_range ber3b living_battlefield all_mp sniper,,,weap_ppsh_fire_sur_plr,,,wpn_fnt,,,,,,,,,,,,90,90,0.25,1,,
weap_ppsh_fire_sur_plr,,SFX\Weapon\SMG\ppsh\Fire\wpn_ppsh_st_sur.wav,,0.7,0.7,35,500,,,,,smg_1st,,curve3,,,,,0.97,1.03,,2d,,,,0.7,see1 ber1 ber2 ber3 audio_test_tuey firing_range ber3b living_battlefield all_mp sniper,,,weap_ppsh_move_l,,,wpn_fnt,,,,,,,,,,,,90,90,0.25,1,,
weap_ppsh_fire_plr_r,,SFX\Weapon\SMG\ppsh\Fire\wpn_ppsh_st_r.wav,,0.7,0.8,,,2,oldest,,,smg_1st,,curve3,,,,,0.98,1.02,,2d,,,,0.75,see1 ber1 ber2 ber3 audio_test_tuey firing_range ber3b living_battlefield all_mp sniper,,,,,,wpn_all,0.5,,,,,,,,,,,90,90,0.25,1,,
weap_ppsh_fire,,SFX\Weapon\SMG\ppsh\Fire\mono\wpn_ppsh_mnh_00.wav,,0.4,0.5,500,2000,10,priority,2,oldest,smg_3rd,,curve2,,3000,,,0.95,1.05,pitch,3d,,,,0.7,see1 ber1 ber2 ber3 audio_test_tuey firing_range ber3b living_battlefield all_mp sniper,,,weap_ppsh_fire_action,,,,,,,,,,,,,,,50,90,0.35,1,,
weap_ppsh_fire_action,,SFX\Weapon\SMG\ppsh\Fire\act_##,,0.5,0.6,100,1000,10,priority,2,oldest,smg_3rd,,curve1,,2000,,,0.95,1.05,pitch,3d,,,,0.7,see1 ber1 ber2 ber3 audio_test_tuey firing_range ber3b living_battlefield all_mp sniper,,,weap_ppsh_fire_dist,,,,,,,,,,,,,,,10,40,0.65,1,,
weap_ppsh_fire_dist,,SFX\Weapon\dist\rus\dist_rus_smg.wav,,0.7,0.8,1000,4000,10,priority,2,oldest,dist_wpn,,curve2,0.8,8000,,rcurve3,0.8,1.1,pitch,3d,,,,0.7,see1 ber1 ber2 ber3 audio_test_tuey firing_range ber3b living_battlefield all_mp sniper,,,shell_eject_rifle,,,,,,,,,,,,no,,,70,20,0.35,1,,
gr_ppsh_slide_back_plr,,SFX\Weapon\SMG\ppsh\foley\gr_ppsh_slide_forward.wav,,0.75,0.8,,,,,,,reload,,,,,,,0.95,1.05,,2d,,,,,see1 ber1 ber2 ber3 audio_test_tuey firing_range ber3b living_battlefield all_mp sniper,,,,,,,,0.5,,,,,,,,,,80,95,0.55,1,,
gr_ppsh_mag_in_plr,,SFX\Weapon\SMG\ppsh\foley\gr_ppsh_mag_in.wav,,0.75,0.8,,,,,,,reload,,,,,,,0.95,1.05,,2d,,,,,see1 ber1 ber2 ber3 audio_test_tuey firing_range ber3b living_battlefield all_mp sniper,,,,,,,,0.5,,,,,,,,,,80,95,0.55,1,,
gr_ppsh_mag_out_plr,,SFX\Weapon\SMG\ppsh\foley\gr_ppsh_mag_out.wav,,0.75,0.8,,,,,,,reload,,,,,,,0.95,1.05,,2d,,,,,see1 ber1 ber2 ber3 audio_test_tuey firing_range ber3b living_battlefield all_mp sniper,,,,,,,,0.5,,,,,,,,,,80,95,0.55,1,,
gr_ppsh_tap_plr,,SFX\Weapon\SMG\ppsh\foley\gr_ppsh_mag_tap.wav,,0.75,0.8,,,,,,,reload,,,,,,,0.95,1.05,,2d,,,,,see1 ber1 ber2 ber3 audio_test_tuey firing_range ber3b living_battlefield all_mp sniper,,,,,,,,0.5,,,,,,,,,,80,95,0.55,1,,
,,,,,,,,,,,,,,,,,,,,,,,,,,,,,,,,,,,,,,,,,,,,,,,,,,
weap_ppsh_move_l,,SFX\Weapon\Rifle\M1_Carbine\Fire\ring\car_m_left.wav,,0.85,0.9,200,6000,3,oldest,,,decay,,curve5,,,,,0.98,1.02,,3d,,,,,see1 ber1 ber2 ber3 audio_test_tuey firing_range ber3b living_battlefield all_mp sniper,,,weap_ppsh_move_r,,75,,,,,,,,,,,left_shot,1,90,90,0.25,1,,
weap_ppsh_move_r,,SFX\Weapon\Rifle\M1_Carbine\Fire\ring\car_m_right.wav,,0.85,0.9,200,6000,3,oldest,,,decay,,curve5,,,,,1,1,,3d,,,,,see1 ber1 ber2 ber3 audio_test_tuey firing_range ber3b living_battlefield all_mp sniper,,,shell_eject_rifle,,100,,,,,,,,,,,right_shot,1,90,90,0.25,1,,
,,,,,,,,,,,,,,,,,,,,,,,,,,,,,,,,,,,,,,,,,,,,,,,,,,
# PPSH 41 Drum,,,,,,,,,,,,,,,,,,,,,,,,,,,,,,,,,,,,,,,,,,,,,,,,,,
zmb_wpn_ppsh41_drum_f_plr,,sfx\wpn\zmb_wpn_ppsh41_drum\zmb_wpn_ppsh41_drum_f_plr.wav,,0.8,0.9,,,1,oldest,,,smg_1st,,curve3,,,,,1,1,,2d,,,,0.75,all_mp all_sp,,,zmb_wpn_ppsh41_drum_act_plr,,,wpn_all,0.5,,,,,,,,,,,90,90,0.25,1,,
zmb_wpn_ppsh41_drum_act_plr,,sfx\wpn\zmb_wpn_ppsh41_drum\zmb_wpn_ppsh41_drum_act_plr.wav,,1,1,35,500,1,oldest,,,smg_1st,,curve3,,,,,0.97,1.03,,2d,,,,0.7,all_mp all_sp,,,zmb_wpn_ppsh41_drum_sur_plr,,,wpn_fnt,,,,,,,,,,,,90,90,0.25,1,,
zmb_wpn_ppsh41_drum_sur_plr,,SFX\Weapon\SMG\ppsh\Fire\wpn_ppsh_st_sur.wav,,0.7,0.7,35,500,,,,,smg_1st,,curve3,,,,,0.97,1.03,,2d,,,,0.7,all_mp all_sp,,,zmb_wpn_ppsh41_drum_move_l,,,wpn_fnt,,,,,,,,,,,,90,90,0.25,1,,
zmb_wpn_ppsh41_drum_f_plr_r,,SFX\Weapon\SMG\ppsh\Fire\wpn_ppsh_st_r.wav,,0.7,0.8,,,2,oldest,,,smg_1st,,curve3,,,,,0.98,1.02,,2d,,,,0.75,all_mp all_sp,,,,,,wpn_all,0.5,,,,,,,,,,,90,90,0.25,1,,
zmb_wpn_ppsh41_drum_f,,sfx\wpn\zmb_wpn_ppsh41_drum\zmb_wpn_ppsh41_drum_f.wav,,0.4,0.5,500,2000,10,priority,2,oldest,smg_3rd,,curve2,,3000,,,0.95,1.05,pitch,3d,,,,0.7,all_mp all_sp,,,zmb_wpn_ppsh41_drum_act,,,,,,,,,,,,,,,50,90,0.35,1,,
zmb_wpn_ppsh41_drum_act,,sfx\wpn\zmb_wpn_ppsh41_drum\zmb_wpn_ppsh41_drum_act.wav,,0.5,0.6,100,1000,10,priority,2,oldest,smg_3rd,,curve1,,2000,,,0.95,1.05,pitch,3d,,,,0.7,all_mp all_sp,,,zmb_wpn_ppsh41_drum_f_dist,,,,,,,,,,,,,,,10,40,0.65,1,,
zmb_wpn_ppsh41_drum_f_dist,,SFX\Weapon\dist\rus\dist_rus_smg.wav,,0.7,0.8,1000,4000,10,priority,2,oldest,dist_wpn,,curve2,0.8,8000,,rcurve3,0.8,1.1,pitch,3d,,,,0.7,all_mp all_sp,,,shell_eject_rifle,,,,,,,,,,,,no,,,70,20,0.35,1,,
gr_zmb_wpn_ppsh41_drum_bolt_plr,,sfx\wpn\zmb_wpn_ppsh41_drum\zmb_wpn_ppsh41_drum_bolt.wav,,0.75,0.8,,,,,,,reload,,,,,,,0.95,1.05,,2d,,,,,all_mp all_sp,,,,,,,,0.5,,,,,,,,,,80,95,0.55,1,,
gr_zmb_wpn_ppsh41_drum_mag_in_plr,,sfx\wpn\zmb_wpn_ppsh41_drum\zmb_wpn_ppsh41_drum_mag_in.wav,,0.75,0.8,,,,,,,reload,,,,,,,0.95,1.05,,2d,,,,,all_mp all_sp,,,,,,,,0.5,,,,,,,,,,80,95,0.55,1,,
gr_zmb_wpn_ppsh41_drum_mag_out_plr,,sfx\wpn\zmb_wpn_ppsh41_drum\zmb_wpn_ppsh41_drum_mag_out.wav,,0.75,0.8,,,,,,,reload,,,,,,,0.95,1.05,,2d,,,,,all_mp all_sp,,,,,,,,0.5,,,,,,,,,,80,95,0.55,1,,
,,,,,,,,,,,,,,,,,,,,,,,,,,,,,,,,,,,,,,,,,,,,,,,,,,
zmb_wpn_ppsh41_drum_move_l,,SFX\Weapon\Rifle\M1_Carbine\Fire\ring\car_m_left.wav,,0.85,0.9,200,6000,3,oldest,,,decay,,curve5,,,,,0.98,1.02,,3d,,,,,all_mp all_sp,,,zmb_wpn_ppsh41_drum_move_r,,75,,,,,,,,,,,left_shot,1,90,90,0.25,1,,
zmb_wpn_ppsh41_drum_move_r,,SFX\Weapon\Rifle\M1_Carbine\Fire\ring\car_m_right.wav,,0.85,0.9,200,6000,3,oldest,,,decay,,curve5,,,,,1,1,,3d,,,,,all_mp all_sp,,,shell_eject_rifle,,100,,,,,,,,,,,right_shot,1,90,90,0.25,1,,
#PPSH 41 Drum Dry Fire,,,,,,,,,,,,,,,,,,,,,,,,,,,,,,,,,,,,,,,,,,,,,,,,,,
zmb_wpn_ppsh41_drum_dry_f_plr,,sfx\wpn\zmb_wpn_ppsh41_drum\zmb_wpn_ppsh41_drum_dry_f_plr.wav,,0.8,0.85,,,,,,,smg_1st,,,,,,,1,1,,2d,,,,,all_sp all_mp,,,,,,wpn_fnt,,0.2,,,,,,,,,,90,90,0.25,1,,
,,,,,,,,,,,,,,,,,,,,,,,,,,,,,,,,,,,,,,,,,,,,,,,,,,
zmb_wpn_ppsh41_drum_dry_f,,sfx\wpn\zmb_wpn_ppsh41_drum\zmb_wpn_ppsh41_drum_dry_f.wav,,0.9,1,50,600,2,priority,1,oldest,smg_3rd,,curve1,,,,,0.95,1.05,pitch,3d,,,,0.7,all_sp all_mp,,,,,,,,,,,,,,,,,,20,70,0.35,1,,
,,,,,,,,,,,,,,,,,,,,,,,,,,,,,,,,,,,,,,,,,,,,,,,,,,
# Ray Gun,,,,,,,,,,,,,,,,,,,,,,,,,,,,,,,,,,,,,,,,,,,,,,,,,,
zmb_wpn_raygun_fire_plr,,sfx\wpn\zmb_wpn_raygun\zmb_wpn_raygun_f.wav,,1,1,,,1,oldest,,,rfl_1st,,,,,,,0.98,1.02,,2d,,,,0.75,all_sp all_mp,,,zmb_wpn_raygun_fire_plr_act,,,wpn_all,,,,,,,,,,,,90,90,0.25,1,,
zmb_wpn_raygun_fire_rear_plr,,sfx\wpn\zmb_wpn_raygun\zmb_wpn_raygun_f_rear.wav,,1,1,,,1,oldest,,,rfl_1st,,,,,,,0.98,1.02,,2d,,,,0.75,all_sp all_mp,,,zmb_wpn_raygun_fire_rear_plr,,,wpn_rear,,,,,,,,,,,,90,90,0.25,1,,
zmb_wpn_raygun_fire_plr_act,,sfx\wpn\zmb_wpn_raygun\zmb_wpn_raygun_f.wav,,1,1,,,3,oldest,,,rfl_1st,,,,,,,1,1,,2d,,,,0.75,all_sp all_mp,,,zmb_wpn_raygun_flux_plr_l,,,wpn_all,,,,,,,,,,,,90,90,0.25,1,,
zmb_wpn_raygun_fire,,sfx\wpn\zmb_wpn_raygun\zmb_wpn_raygun_f.wav,,1,1,250,4000,1,oldest,,,rfl_3rd,,,,,,,0.98,1.02,,2d,,,,0.75,all_sp all_mp,,,zmb_wpn_raygun_fire_act,,,,,,,,,,,,,,,70,90,0.25,1,,
zmb_wpn_raygun_fire_act,,sfx\wpn\zmb_wpn_raygun\zmb_wpn_raygun_f.wav,,1,1,100,400,3,oldest,,,rfl_3rd,,,,,,,1,1,,2d,,,,0.75,all_sp all_mp,,,zmb_wpn_raygun_flux_plr_l,,,,,,,,,,,,,,,70,90,0.25,1,,
zmb_wpn_raygun_flux_plr_l,,sfx\wpn\zmb_wpn_raygun\zmb_wpn_raygun_flux_l.wav,,0.95,1,200,2000,3,oldest,,,decay,,curve2,1,,,,0.98,1.02,,3d,,,,,all_sp all_mp,,,zmb_wpn_raygun_flux_plr_r,,75,,,,,,,,,,,left_shot,4,90,90,0.25,1,,
zmb_wpn_raygun_flux_plr_r,,sfx\wpn\zmb_wpn_raygun\zmb_wpn_raygun_flux_r.wav,,0.9,1,200,2000,3,oldest,,,decay,,curve2,1,,,,1,1,,3d,,,,,all_sp all_mp,,,,,100,,,,,,,,,,,right_shot,4,90,90,0.25,1,,
zmb_wpn_raygun_flux_l,,sfx\wpn\zmb_wpn_raygun\zmb_wpn_raygun_flux_l.wav,,0.95,1,200,1800,3,oldest,,,decay,,curve2,,,,,0.98,1.02,,3d,,,,,all_sp all_mp,,,zmb_wpn_raygun_flux_plr_r,,75,,,,,,,,,,,left_shot,2,90,90,0.25,1,,
zmb_wpn_raygun_flux_r,,sfx\wpn\zmb_wpn_raygun\zmb_wpn_raygun_flux_r.wav,,0.9,1,200,1800,3,oldest,,,decay,,curve2,,,,,1,1,,3d,,,,,all_sp all_mp,,,,,100,,,,,,,,,,,right_shot,2,90,90,0.25,1,,
zmb_wpn_raygun_loop,,sfx\wpn\zmb_wpn_raygun\zmb_wpn_raygun_loop.wav,,1,1,300,4000,,,,,rfl_3rd,,curve2,,,,,0.98,1.02,,3d,,,looping,0.75,all_sp all_mp,,,,,,,,,,,,,,,,,,70,90,0.25,1,yes,yes
zmb_wpn_raygun_exp,,sfx\wpn\zmb_wpn_raygun\zmb_wpn_raygun_exp.wav,,1,1,1200,8000,,,,,full_vol,,,,,,,0.98,1.02,,3d,,,,0.75,all_sp all_mp,,,zmb_wpn_raygun_exp_cl,,,,,,,,,,,,,,,70,90,0.25,1,,yes
zmb_wpn_raygun_exp_cl,,sfx\wpn\zmb_wpn_raygun\zmb_wpn_raygun_exp_cl.wav,,1,1,250,400,,,,,full_vol,,,,,,,0.98,1.02,,3d,,,,0.75,all_sp all_mp,,,zmb_wpn_raygun_exp_flux_l,,250,,,,,,,,,,,,,70,90,0.25,1,,yes
zmb_wpn_raygun_exp_flux_l,,sfx\wpn\zmb_wpn_raygun\zmb_wpn_raygun_flux_l.wav,,0.95,1,200,1800,3,oldest,,,decay,,curve2,1,,,,0.7,0.8,,3d,,,,,all_sp all_mp,,,zmb_wpn_raygun_exp_flux_r,,125,,,,,,,,,,,left_player,3,90,90,0.25,1,,
zmb_wpn_raygun_exp_flux_r,,sfx\wpn\zmb_wpn_raygun\zmb_wpn_raygun_flux_r.wav,,0.9,1,200,1800,3,oldest,,,decay,,curve2,1,,,,0.7,0.8,,3d,,,,,all_sp all_mp,,,,,250,,,,,,,,,,,right_player,3,90,90,0.25,1,,
,,,,,,,,,,,,,,,,,,,,,,,,,,,,,,,,,,,,,,,,,,,,,,,,,,
gr_zmb_wpn_raygun_reload_open_plr,,sfx\wpn\zmb_wpn_raygun\zmb_wpn_raygun_reload_open.wav,,0.75,0.8,,,,,,,reload,,,,,,curve4,0.95,1.05,,2d,,,,,all_sp all_mp,,,,,,,,0.5,,,,,,,,,,80,95,0.55,1,,
gr_zmb_wpn_raygun_reload_battery_out_plr,,sfx\wpn\zmb_wpn_raygun\zmb_wpn_raygun_reload_battery_out.wav,,0.75,0.8,,,,,,,reload,,,,,,curve4,0.95,1.05,,2d,,,,,all_sp all_mp,,,,,,,,0.5,,,,,,,,,,80,95,0.55,1,,
gr_zmb_wpn_raygun_reload_battery_in_plr,,sfx\wpn\zmb_wpn_raygun\zmb_wpn_raygun_reload_battery.wav,,0.75,0.8,,,,,,,reload,,,,,,curve4,0.95,1.05,,2d,,,,,all_sp all_mp,,,,,,,,0.5,,,,,,,,,,80,95,0.55,1,,
gr_zmb_wpn_raygun_reload_close_plr,,sfx\wpn\zmb_wpn_raygun\zmb_wpn_raygun_reload_close.wav,,0.75,0.8,,,,,,,reload,,,,,,curve4,0.95,1.05,,2d,,,,,all_sp all_mp,,,,,,,,0.5,,,,,,,,,,80,95,0.55,1,,
gr_zmb_wpn_raygun_raise_hit_plr,,sfx\wpn\zmb_wpn_raygun\zmb_wpn_raygun_reload_open.wav,,0.75,0.8,,,,,,,reload,,,,,,curve4,0.95,1.05,,2d,,,,,all_sp all_mp,,,,,,,,0.5,,,,,,,,,,80,95,0.55,1,,
gr_zmb_wpn_raygun_raise_activate_plr,,sfx\wpn\zmb_wpn_raygun\zmb_wpn_raygun_reload_switch.wav,,0.75,0.8,,,,,,,reload,,,,,,curve4,0.95,1.05,,2d,,,,,all_sp all_mp,,,,,,,,0.5,,,,,,,,,,80,95,0.55,1,,
,,,,,,,,,,,,,,,,,,,,,,,,,,,,,,,,,,,,,,,,,,,,,,,,,,
gr_raygun_reload,,sfx\weapon\ray_gun\wpn_ray_reload_3rd.wav,,0.9,1,50,300,,,,,reload,,curve3,,500,,curve4,0.95,1.05,,3d,,,,,all_sp all_mp,,,,,,,,,,,,,,,,,,40,60,0.55,1,,
,,,,,,,,,,,,,,,,,,,,,,,,,,,,,,,,,,,,,,,,,,,,,,,,,,
# Sten Mark V,,,,,,,,,,,,,,,,,,,,,,,,,,,,,,,,,,,,,,,,,,,,,,,,,,
zmb_wpn_sten_markv_f_plr,,sfx\wpn\zmb_wpn_sten_markv\zmb_wpn_sten_markv_f.wav,,0.8,0.85,,,2,oldest,,,smg_1st,,,,,,,1,1,,2d,,,,0.75,all_mp all_sp,,,zmb_wpn_sten_markv_act_plr,,,wpn_all,,,,,,,,,,,,90,90,0.25,1,,
zmb_wpn_sten_markv_act_plr,,sfx\wpn\zmb_wpn_sten_markv\zmb_wpn_sten_markv_act.wav,,0.55,0.55,,,2,oldest,,,smg_1st,,,,,,,0.9,1,,2d,,,,0.75,all_mp all_sp,,,weap_thompson_move_l,,,wpn_all,,,,,,,,,,,,90,90,0.25,1,,
zmb_wpn_sten_markv_f,,sfx\wpn\zmb_wpn_sten_markv\zmb_wpn_sten_markv_f.wav,,0.7,0.7,250,1500,10,priority,2,oldest,smg_3rd,,curve2,,2000,,,0.95,1.05,,3d,,,,0.7,all_mp all_sp,,,zmb_wpn_sten_markv_act,,,,,,,,,,,,,,,50,90,0.35,1,,
zmb_wpn_sten_markv_act,,sfx\wpn\zmb_wpn_sten_markv\zmb_wpn_sten_markv_act.wav,,0.9,0.9,100,600,10,priority,2,oldest,smg_3rd,,curve3,,1000,,,0.95,1.05,,3d,,,,0.7,all_mp all_sp,,,zmb_wpn_sten_markv_f_dist,,,,,,,,,,,,,,,10,40,0.65,1,,
zmb_wpn_sten_markv_f_dist,,SFX\Weapon\dist\us\dist_us_smg.wav,,0.6,0.7,700,6000,10,priority,2,oldest,dist_wpn,,curve2,0.8,12000,,rcurve3,0.85,1.05,variant pitch,3d,,,,0.7,all_mp all_sp,,,shell_eject_rifle,,,,,,,,,,,,no,,,70,20,0.35,1,,
gr_zmb_wpn_sten_markv_bolt_back_plr,,sfx\wpn\zmb_wpn_sten_markv\zmb_wpn_sten_markv_bolt_back.wav,,1,1,,,,,,,reload,,,0.8,,,,1,1,,2d,,,,,,,,,,,wpn_all,0.2,,,,,,,,,,,90,90,0.25,1,,
gr_zmb_wpn_sten_markv_bolt_forward_plr,,sfx\wpn\zmb_wpn_sten_markv\zmb_wpn_sten_markv_bolt_forward.wav,,1,1,,,,,,,reload,,,0.8,,,,1,1,,2d,,,,,,,,,,,wpn_all,0.2,,,,,,,,,,,90,90,0.25,1,,
gr_zmb_wpn_sten_markv_mag_in_plr,,sfx\wpn\zmb_wpn_sten_markv\zmb_wpn_sten_markv_mag_in.wav,,1,1,,,,,,,reload,,,0.8,,,,1,1,,2d,,,,,,,,,,,wpn_all,0.2,,,,,,,,,,,90,90,0.25,1,,
gr_zmb_wpn_sten_markv_mag_out_plr,,sfx\wpn\zmb_wpn_sten_markv\zmb_wpn_sten_markv_mag_out.wav,,1,1,,,,,,,reload,,,0.8,,,,1,1,,2d,,,,,,,,,,,wpn_all,0.2,,,,,,,,,,,90,90,0.25,1,,
# Sten,,,,,,,,,,,,,,,,,,,,,,,,,,,,,,,,,,,,,,,,,,,,,,,,,,
zmb_wpn_sten_markv_dry_f_plr,,sfx\wpn\zmb_wpn_sten_markv\zmb_wpn_sten_markv_dry_f.wav,,0.8,0.85,,,,,,,smg_1st,,,,,,,1,1,,2d,,,,,all_sp all_mp,,,,,,wpn_fnt,,0.2,,,,,,,,,,90,90,0.25,1,,
,,,,,,,,,,,,,,,,,,,,,,,,,,,,,,,,,,,,,,,,,,,,,,,,,,
zmb_wpn_sten_markv_dry_f,,sfx\wpn\zmb_wpn_sten_markv\zmb_wpn_sten_markv_dry_f.wav,,0.9,1,50,600,2,priority,1,oldest,smg_3rd,,curve1,,,,,0.95,1.05,pitch,3d,,,,0.7,all_sp all_mp,,,,,,,,,,,,,,,,,,20,70,0.35,1,,
,,,,,,,,,,,,,,,,,,,,,,,,,,,,,,,,,,,,,,,,,,,,,,,,,,
# StG 44 PaP,,,,,,,,,,,,,,,,,,,,,,,,,,,,,,,,,,,,,,,,,,,,,,,,,,
zmb_wpn_stg44_pap_f_plr,,sfx\wpn\zmb_wpn_stg44_pap\zmb_wpn_stg44_pap_f_plr.wav,,0.9,1,,,1,oldest,,,rfl_1st,,,,,,,,,,2d,,,,0.75,all_sp all_mp,,,zmb_wpn_stg44_pap_f_act_plr,,,wpn_all,,,,,,,,,,,,90,90,0.25,1,,
zmb_wpn_stg44_pap_f_act_plr,,sfx\wpn\zmb_wpn_stg44_pap\zmb_wpn_stg44_pap_f_act_plr.wav,,0.9,1,,,2,oldest,,,rfl_1st,,,,,,,0.98,1.03,,2d,,,,0.75,all_sp all_mp,,,shell_eject_rifle,,,wpn_fnt,0.5,0.5,,,,,,,,,,90,90,0.25,1,,
zmb_wpn_stg44_pap_f,,sfx\wpn\zmb_wpn_stg44_pap\zmb_wpn_stg44_pap_f.wav,,0.9,1,250,2000,10,priority,2,oldest,rfl_3rd,,,,2000,,,0.98,1.02,,3d,,,,0.7,all_sp all_mp,,,zmb_wpn_stg44_pap_f_act,,,,,,,,,,,,,,,50,90,0.35,1,,
zmb_wpn_stg44_pap_f_act,,sfx\wpn\zmb_wpn_stg44_pap\zmb_wpn_stg44_pap_f_act.wav,,0.9,1,100,600,10,priority,2,oldest,rfl_3rd,,curve1,,1000,,,0.98,1.02,pitch,3d,,,,0.7,all_sp all_mp,,,shell_eject_rifle,,,,,,,,,,,,,,,50,90,0.35,1,,
,,,,,,,,,,,,,,,,,,,,,,,,,,,,,,,,,,,,,,,,,,,,,,,,,,
gr_zmb_wpn_stg44_pap_bolt_back_plr,,sfx\wpn\zmb_wpn_stg44_pap\zmb_wpn_stg44_pap_bolt_back.wav,,1,1,,,,,,,reload,,,,,,,0.95,1.05,,2d,,,,,all_mp all_sp,,,,,,,,0.5,,,,,,,,,,80,95,0.55,1,,
gr_zmb_wpn_stg44_pap_bolt_release_plr,,sfx\wpn\zmb_wpn_stg44_pap\zmb_wpn_stg44_pap_bolt_release.wav,,1,1,,,,,,,reload,,,,,,,0.95,1.05,,2d,,,,,all_mp all_sp,,,,,,,,0.5,,,,,,,,,,80,95,0.55,1,,
gr_zmb_wpn_stg44_pap_mag_out_plr,,sfx\wpn\zmb_wpn_stg44_pap\zmb_wpn_stg44_pap_mag_out.wav,,1,1,,,,,,,reload,,,,,,curve4,0.95,1.05,,2d,,,,,all_sp all_mp,,,,,,,,0.5,,,,,,,,,,80,95,0.55,1,,
gr_zmb_wpn_stg44_pap_mag_in_plr,,sfx\wpn\zmb_wpn_stg44_pap\zmb_wpn_stg44_pap_mag_in.wav,,1,1,,,,,,,reload,,,,,,curve4,0.95,1.05,,2d,,,,,all_sp all_mp,,,,,,,,0.5,,,,,,,,,,80,95,0.55,1,,
,,,,,,,,,,,,,,,,,,,,,,,,,,,,,,,,,,,,,,,,,,,,,,,,,,
# StG 44 PAP Dry Fire,,,,,,,,,,,,,,,,,,,,,,,,,,,,,,,,,,,,,,,,,,,,,,,,,,
zmb_wpn_stg44_pap_dry_f_plr,,sfx\wpn\zmb_wpn_stg44_pap\zmb_wpn_stg44_pap_dry_f_plr.wav,,1,1,,,,,,,smg_1st,,,,,,,1,1,,2d,,,,,all_sp all_mp,,,,,,wpn_fnt,,0.2,,,,,,,,,,90,90,0.25,1,,
,,,,,,,,,,,,,,,,,,,,,,,,,,,,,,,,,,,,,,,,,,,,,,,,,,
zmb_wpn_stg44_pap_dry_f,,sfx\wpn\zmb_wpn_stg44_pap\zmb_wpn_stg44_pap_dry_f.wav,,1,1,50,600,2,priority,1,oldest,smg_3rd,,curve1,,,,,0.95,1.05,pitch,3d,,,,0.7,all_sp all_mp,,,,,,,,,,,,,,,,,,20,70,0.35,1,,
,,,,,,,,,,,,,,,,,,,,,,,,,,,,,,,,,,,,,,,,,,,,,,,,,,
#SVT40,,,,,,,,,,,,,,,,,,,,,,,,,,,,,,,,,,,,,,,,,,,,,,,,,,
weap_svt40_fire_plr,,SFX\Weapon\Rifle\SVT40\fire\wpn_svt40_st_f.wav,,0.8,0.8,,,2,oldest,,,rfl_1st,,,,,,,,,,2d,,,,0.75,see1 ber1 ber3 oki3 firing_range ber3b hol1 living_battlefield all_mp,,,weap_svt40_fire_plr_r,,,wpn_fnt,,,,,,,,,,,,90,90,0.25,1,,
weap_svt40_fire_plr_r,,SFX\Weapon\Rifle\SVT40\fire\wpn_svt40_st_r.wav,,0.8,0.8,,,2,oldest,,,rfl_1st,,,,,,,,,,2d,,,,0.75,see1 ber1 ber3 oki3 firing_range ber3b hol1 living_battlefield all_mp,,,weap_svt40_fire_plr_act,,,wpn_fnt,,,,,,,,,,,,90,90,0.25,1,,
weap_svt40_fire_plr_act,,SFX\Weapon\Rifle\SVT40\fire\wpn_svt40_st_act.wav,,0.7,0.7,,,2,oldest,,,rfl_1st,,,0,,,,,,,2d,,,,0.7,see1 ber1 ber3 oki3 firing_range ber3b hol1 living_battlefield all_mp,,,weap_svt40_fire_plr_sur,,,wpn_fnt,,,,,,,,,,,,90,90,0.25,1,,
weap_svt40_fire_plr_sur,,SFX\Weapon\Rifle\SVT40\fire\wpn_svt40_st_sur.wav,,0.7,0.7,,,2,oldest,,,rfl_1st,,,0,,,,,,,2d,,,,0.7,see1 ber1 ber3 oki3 firing_range ber3b hol1 living_battlefield all_mp,,,weap_svt40_move_l,,,wpn_rear,,,,,,,,,,,,90,90,0.25,1,,
weap_svt40_fire,,SFX\Weapon\Rifle\SVT40\fire\wpn_svt40_mn.wav,,0.9,1,250,2000,10,priority,2,oldest,rfl_3rd,,,,2000,,,0.98,1.02,,3d,,,,0.7,ber1 ber3 see1 oki3 firing_range hol1 hol2 hol3 ber3b living_battlefield all_mp sniper,,,weap_stv40_fire_add,,,,,,,,,,,,,,,50,90,0.35,1,,
weap_svt40_fire_act,,SFX\Weapon\Rifle\SVT40\fire\wpn_svt40_mn_act.wav,,0.9,1,100,600,10,priority,2,oldest,rfl_3rd,,curve1,,1000,,,0.95,1.05,pitch,3d,,,,0.7,ber1 ber3 see1 oki3 firing_range hol1 hol2 hol3 ber3b living_battlefield all_mp sniper,,,weap_g43_fire_dist,,,,,,,,,,,,,,,70,20,0.35,1,,
weap_svt40_fire_dist,,SFX\Weapon\dist\rus\dist_rus_rifle.wav,,0.8,0.9,700,6000,10,priority,2,oldest,dist_wpn,,curve2,0.8,12000,rcurve1,rcurve3,0.85,1.05,pitch,3d,,,,0.7,ber1 ber3 see1 oki3 firing_range hol1 hol2 hol3 ber3b living_battlefield all_mp sniper,,,weap_svt40_move_l_npc,,,,,,,,,,,,no,,,70,20,0.35,1,,
weap_stv40_fire_add,,SFX\Weapon\Rifle\Gewehr43\Fire\wpn_G43_mn_sup.wav,,0.8,0.9,250,2000,10,priority,2,oldest,rfl_3rd,,,,2000,,,0.95,1.05,pitch,3d,,,,0.7,ber1 ber3 see1 oki3 firing_range hol1 hol2 hol3 ber3b living_battlefield all_mp sniper,,,weap_svt40_fire_act,,,,0.5,,,,,,,,,,,50,90,0.35,1,,
weap_svt40_reload_plr,,SFX\Weapon\Rifle\Kar_98\Foley\GR_Kar98.wav,,0.71,0.77,100,500,,,,,rfl_3rd,,curve3,,,,,0.9,1.1,,2d,,,,0.7,see1 ber1 ber3 oki3 firing_range ber3b hol1 living_battlefield all_mp,,,,,,,,,,,,,,,,,,20,90,0.35,1,,
weap_svt40_rechamber_plr,,SFX\Weapon\Rifle\Kar_98\Foley\GF_Kar98_Rechamber.wav,,0.71,0.77,100,500,,,,,rfl_3rd,,curve3,,,,,0.9,1.1,,2d,,,,0.7,see1 ber1 ber3 oki3 firing_range ber3b hol1 living_battlefield all_mp,,,,,,,,,,,,,,,,,,20,90,0.35,1,,
weap_svt40_reload,,SFX\Weapon\Rifle\Kar_98\Foley\GR_Kar98.wav,,0.71,0.77,100,500,,,,,rfl_3rd,,curve3,,,,,0.9,1.1,,3d,,,,0.7,see1 ber1 ber3 oki3 firing_range ber3b hol1 living_battlefield all_mp,,,shell_eject_rifle,,,,,,,,,,,,,,,20,90,0.35,1,,
weap_svt40_rechamber,,SFX\Weapon\Rifle\Kar_98\Foley\GF_Kar98_Rechamber.wav,,0.71,0.77,100,500,,,,,rfl_3rd,,curve3,,,,,0.9,1.1,,3d,,,,0.7,see1 ber1 ber3 oki3 firing_range ber3b hol1 living_battlefield all_mp,,,,,,,,,,,,,,,,,,20,90,0.35,1,,
,,,,,,,,,,,,,,,,,,,,,,,,,,,,,,,,,,,,,,,,,,,,,,,,,,
weap_svt40_move_l_npc,,SFX\Weapon\Rifle\SVT40\fire\ring\svt_left_mn.wav,,0.2,0.25,50,1800,3,priority,,,decay,,curve2,,,,,0.98,1.02,,3d,,,,0.75,see1 ber1 ber3 oki3 firing_range ber3b hol1 living_battlefield all_mp,,,weap_svt40_move_r,,,,,,,,,,,,,left_shot,2,90,90,0.25,1,,
weap_svt40_move_r_npc,,SFX\Weapon\Rifle\SVT40\fire\ring\svt_right_mn.wav,,0.2,0.25,50,1800,3,priority,,,decay,,curve2,,,,,0.92,1.04,,3d,,,,0.75,see1 ber1 ber3 oki3 firing_range ber3b hol1 living_battlefield all_mp,,,shell_eject_rifle,,,,,,,,,,,,,right_shot,2,90,90,0.25,1,,
,,,,,,,,,,,,,,,,,,,,,,,,,,,,,,,,,,,,,,,,,,,,,,,,,,
weap_svt40_move_l,,SFX\Weapon\Rifle\SVT40\fire\ring\svt_left.wav,,0.75,0.85,500,6000,,,,,decay,,curve3,,,,,0.98,1.02,,3d,,,,0.75,see1 ber1 ber3 oki3 firing_range ber3b hol1 living_battlefield all_mp,,,weap_svt40_move_r,,100,,,,,,,,,,,left_shot,20,90,90,0.25,1,,
weap_svt40_move_r,,SFX\Weapon\Rifle\SVT40\fire\ring\svt_right.wav,,0.65,0.95,500,6000,,,,,decay,,curve3,,,,,1,1,,3d,,,,0.75,see1 ber1 ber3 oki3 firing_range ber3b hol1 living_battlefield all_mp,,,shell_eject_rifle,,125,,,,,,,,,,,right_shot,20,90,90,0.25,1,,
,,,,,,,,,,,,,,,,,,,,,,,,,,,,,,,,,,,,,,,,,,,,,,,,,,
weap_svt40_fire_plr_r_sil,,SFX\Weapon\Rifle\SVT40\fire\wpn_svt40_st_r.wav,,0.2,0.2,,,2,oldest,,,rfl_1st,,,,,,,0.9,1.1,,2d,,,,0.75,all_mp,,,weap_svt40_fire_plr_act_sil,,,wpn_all,0.5,,,,,,,,,,,90,90,0.25,1,,
weap_svt40_fire_plr_act_sil,,SFX\Weapon\Rifle\SVT40\fire\wpn_svt40_st_act.wav,,0.9,1,,,2,oldest,,,rfl_1st,,,,,,,0.97,1.03,,2d,,,,0.7,all_mp,,,shell_eject_rifle,,,wpn_all,,,,,,,,,,,,90,90,0.25,1,,
weap_svt40_fire_act_sil,,SFX\Weapon\Rifle\Gewehr43\Fire\wpn_G43_mn_act.wav,,0.9,1,100,600,10,priority,2,oldest,rfl_3rd,,curve1,,1000,,,0.95,1.05,pitch,3d,,,,0.7,see1 ber1 ber3 oki3 firing_range ber3b hol1 living_battlefield all_mp,,,,,,,,,,,,,,,,,,70,20,0.35,1,,
,,,,,,,,,,,,,,,,,,,,,,,,,,,,,,,,,,,,,,,,,,,,,,,,,,
,,,,,,,,,,,,,,,,,,,,,,,,,,,,,,,,,,,,,,,,,,,,,,,,,,
gr_svt40_charge_plr,,SFX\Weapon\Rifle\BAR\Foley\bar_charge.wav,,0.85,0.95,,,,,,,reload,,,,,,curve4,0.95,1.05,,2d,,,,,ber1 ber3 see1 oki3 firing_range hol1 hol2 hol3 ber3b living_battlefield all_mp sniper,,,,,,,,0.5,,,,,,,,,,80,95,0.55,1,,
gr_svt40_mag_in_plr,,SFX\Weapon\Rifle\BAR\Foley\bar_mag_in.wav,,0.85,0.95,,,,,,,reload,,,,,,curve4,0.95,1.05,,2d,,,,,ber1 ber3 see1 oki3 firing_range hol1 hol2 hol3 ber3b living_battlefield all_mp sniper,,,,,,,,0.5,,,,,,,,,,80,95,0.55,1,,
gr_svt40_mag_out_plr,,SFX\Weapon\Rifle\BAR\Foley\bar_mag_out.wav,,0.85,0.95,,,,,,,reload,,,,,,curve4,0.95,1.05,,2d,,,,,ber1 ber3 see1 oki3 firing_range hol1 hol2 hol3 ber3b living_battlefield all_mp sniper,,,,,,,,0.5,,,,,,,,,,80,95,0.55,1,,
gr_svt40_futz_plr,,SFX\Weapon\Pistols\Colt1911\Foley\1911_futz.wav,,0.85,0.95,,,,,,,reload,,,,,,curve4,0.95,1.05,,2d,,,,,ber1 ber3 see1 oki3 firing_range hol1 hol2 hol3 ber3b living_battlefield all_mp sniper,,,,,,,,0.5,,,,,,,,,,80,95,0.55,1,,
,,,,,,,,,,,,,,,,,,,,,,,,,,,,,,,,,,,,,,,,,,,,,,,,,,
# Type99 - ,,,,,,,,,,,,,,,,,,,,,,,,,,,PBY_FLY for Type99 is in the LEVEL FILE FOR MIX REASONS,,,,,,,,,,,,,,,,,,,,,,,
weap_type99_fire_plr,,SFX\Weapon\mg\type99\Fire\wpn_type99_st_f.wav,,0.87,0.94,,,1,oldest,,,smg_1st,,curve3,,,,,0.96,1.04,,2d,,,,0.75,pel1 pel1a pel1b pel2 oki1 oki2 oki3 audio_test_tuey mak firing_range pby_fly all_mp,,,weap_type99_fire_plr_act,,,wpn_all,0.2,0.5,,,,,,,,,,90,90,0.25,1,,yes
weap_type99_fire_plr_act,,SFX\Weapon\mg\type99\Fire\wpn_type99_st_act.wav,,0.87,0.94,,,2,oldest,,,smg_1st,,curve3,,,,,1,1,,2d,,,,0.75,pel1 pel1a pel1b pel2 oki1 oki2 oki3 audio_test_tuey mak firing_range pby_fly all_mp,,,weap_type99_move_plr_l,,,wpn_all,0.2,0.5,,,,,,,,,,90,90,0.25,1,,yes
weap_type99_fire,,SFX\Weapon\mg\type99\Fire\wpn_type99_mn.wav,,0.9,1,250,1700,,,2,oldest,smg_3rd,,curve2,,2000,,,0.85,1,,3d,,,,0.7,pel1 pel1a pel1b pel2 oki1 oki2 oki3 audio_test_tuey mak firing_range all_mp,,,weap_type99_fire_act,,,,,,,,,,,,,,,50,90,0.35,1,,yes
weap_type99_fire_act,,SFX\Weapon\MG\type99\Fire\wpn_type99_mn_act.wav,,0.65,0.75,100,600,,,2,oldest,smg_3rd,,curve3,,1000,,,0.8,1,,3d,,,,0.7,pel1 pel1a pel1b pel2 oki1 audio_test_tuey oki2 oki3 mak firing_range all_mp,,,weap_type99_fire_dist,,,,,,,,,,,,,,,70,20,0.35,1,,yes
weap_type99_fire_dist,,SFX\Weapon\dist\jap\dist_jap_t99.wav,,0.7,0.8,700,6000,10,priority,2,oldest,dist_hmg,rcurve3,curve2,0.8,12000,,rcurve3,0.85,1.05,variant pitch,3d,,,,0.7,pel1 audio_test_tuey pel1a pel1b pel2 oki1 oki2 oki3 mak firing_range all_mp,,,shell_eject_rifle,,,,,,,,,,,,no,,,70,20,0.35,1,,yes
,,,,,,,,,,,,,,,,,,,,,,,,,,,,,,,,,,,,,,,,,,,,,,,,,,
gr_type99lmg_click_plr,,SFX\Weapon\shotgun\db_foley\gr_dbshot_click.wav,,0.75,0.8,,,,,,,reload,,,,,,curve4,0.95,1.05,,2d,,,,,pel1 pel1a pel1b  audio_test_tuey pel2 oki1 oki2 oki3 mak firing_range pby_fly all_mp,,,,,,,,0.5,,,,,,,,,,80,95,0.55,1,,
gr_type99lmg_mag_out_plr,,SFX\Weapon\MG\type99\Foley\gr_type99lmg_mag_out.wav,,0.75,0.8,50,300,,,,,reload,,curve3,,500,,curve4,0.95,1.05,,2d,,,,,pel1 audio_test_tuey pel1a pel1b pel2 oki1 oki2 oki3 mak firing_range pby_fly all_mp,,,,,,,,,,,,,,,,,,40,60,0.55,1,,
gr_type99lmg_futz_plr,,SFX\Weapon\Pistols\Colt1911\Foley\1911_futz.wav,,0.75,0.8,,,,,,,reload,,,,,,curve4,0.95,1.05,,2d,,,,,pel1 pel1a pel1b pel2 oki1 oki2 audio_test_tuey oki3 mak firing_range pby_fly all_mp,,,,,,,,0.5,,,,,,,,,,80,95,0.55,1,,
gr_type99lmg_mag_in_plr,,SFX\Weapon\MG\type99\Foley\gr_type99lmg_mag_in.wav,,0.75,0.8,50,300,,,,,reload,,curve3,,500,,curve4,0.95,1.05,,2d,,,,,pel1 audio_test_tuey pel1a pel1b pel2 oki1 oki2 oki3 mak firing_range pby_fly all_mp,,,,,,,,,,,,,,,,,,40,60,0.55,1,,
gr_type99lmg_charge_plr,,SFX\Weapon\MG\type99\Foley\gr_type99lmg_charge.wav,,0.75,0.8,,,,,,,reload,,,,,,,0.95,1.05,,2d,,,,,pel1 pel1a pel1b pel2 oki1 oki2 audio_test_tuey oki3 mak firing_range pby_fly all_mp,,,,,,,,0.5,,,,,,,,,,80,95,0.55,1,,
,,,,,,,,,,,,,,,,,,,,,,,,,,,,,,,,,,,,,,,,,,,,,,,,,,
#type100,,,,,,,,,,,,,,,,,,,,,,,,,,,,,,,,,,,,,,,,,,,,,,,,,,
weap_type100_fire_plr,,SFX\Weapon\SMG\type100\Fire\wpn_type100_st_f.wav,,0.87,0.94,,,2,oldest,,,smg_1st,,curve3,,,,,0.98,1.04,,2d,,,,0.75,pel1 pel2 oki2 oki3 pel1a pel1b mak audio_test_tuey firing_range living_battlefield all_mp,,,weap_type100_fire_plr_act,,,wpn_all,,0.5,,,,,,,,,,90,90,0.25,1,,
weap_type100_fire_plr_act,,SFX\Weapon\SMG\type100\Fire\wpn_type100_st_act.wav,,0.95,1,,,3,oldest,,,smg_1st,,curve3,,,,,1,1,,2d,,,,0.75,pel1 pel2 oki2 oki3 pel1a pel1b mak audio_test_tuey firing_range living_battlefield all_mp,,,weap_type100_fire_sup,,,wpn_fnt,,,,,,,,,,,,90,90,0.25,1,,
weap_type100_fire_sup,,SFX\Weapon\SMG\type100\Fire\wpn_type100_st_sup.wav,,0.87,0.94,,,2,oldest,,,smg_1st,,curve3,,,,,0.98,1.04,,2d,,,,0.75,pel1 pel2 oki2 oki3 pel1a pel1b mak audio_test_tuey firing_range living_battlefield all_mp,,,weap_type100_move_l,,,wpn_all,,0.5,,,,,,,,,,90,90,0.25,1,,
weap_type100_fire,,SFX\Weapon\SMG\type100\Fire\wpn_type100_mn.wav,,0.7,0.8,250,2000,10,priority,2,oldest,smg_3rd,,curve2,,2000,,,0.95,1.05,pitch,3d,,,,0.7,pel1 pel2 oki2 oki3 pel1a pel1b mak audio_test_tuey firing_range living_battlefield all_mp,,,weap_type100_act,,,,,,,,,,,,,,,50,90,0.35,1,,
weap_type100_act,,SFX\Weapon\SMG\type100\Fire\wpn_type100_mn_act.wav,,0.9,1,100,600,10,priority,2,oldest,smg_3rd,,curve1,,1000,,,0.95,1.05,pitch,3d,,,,0.7,pel1 pel2 oki2 oki3 pel1a pel1b mak audio_test_tuey firing_range living_battlefield all_mp,,,weap_type100_fire_dist,,,,,,,,,,,,,,,70,20,0.35,1,,
weap_type100_fire_dist,,SFX\Weapon\dist\jap\dist_jap_smg.wav,,0.5,0.6,700,6000,10,priority,2,oldest,dist_wpn,rcurve3,curve2,0.8,12000,,rcurve3,0.85,1.05,variant pitch,3d,,,,0.7,pel1 pel2 oki2 oki3 pel1a pel1b mak audio_test_tuey firing_range living_battlefield all_mp,,,shell_eject_rifle,,,,,,,,,,,,no,,,70,20,0.35,1,,
,,,,,,,,,,,,,,,,,,,,,,,,,,,,,,,,,,,,,,,,,,,,,,,,,,
weap_type100_move_l,,SFX\Weapon\Rifle\M1_Carbine\Fire\ring\car_m_left.wav,,0.657,0.7,200,6000,3,oldest,,,decay,,curve5,,,,,0.98,1.02,,3d,,,,,pel1 pel2 oki2 oki3 pel1a pel1b mak audio_test_tuey firing_range living_battlefield all_mp,,,weap_type100_move_r,,75,,,,,,,,,,,left_shot,1.5,90,90,0.25,1,,
weap_type100_move_r,,SFX\Weapon\Rifle\M1_Carbine\Fire\ring\car_m_right.wav,,0.657,0.7,200,6000,3,oldest,,,decay,,curve5,,,,,1,1,,3d,,,,,pel1 pel2 oki2 oki3 pel1a pel1b mak audio_test_tuey firing_range living_battlefield all_mp,,,shell_eject_rifle,,100,,,,,,,,,,,right_shot,1.5,90,90,0.25,1,,
,,,,,,,,,,,,,,,,,,,,,,,,,,,,,,,,,,,,,,,,,,,,,,,,,,
weap_type100_fire_plr_act_sil,,SFX\Weapon\SMG\type100\Fire\wpn_type100_st_sup.wav,,0.95,1,,,3,oldest,,,smg_1st,,curve3,,,,,1,1,,2d,,,,0.75,pel1 pel2 oki2 oki3 pel1a pel1b mak audio_test_tuey firing_range living_battlefield all_mp,,,,,,wpn_fnt,,,,,,,,,,,,90,90,0.25,1,,
weap_type100_act_sil,,SFX\Weapon\SMG\type100\Fire\wpn_type100_m_sup.wav,,0.9,1,100,600,10,priority,2,oldest,smg_3rd,,curve1,,1000,,,0.95,1.05,pitch,3d,,,,0.7,pel1 pel2 oki2 oki3 pel1a pel1b mak audio_test_tuey firing_range living_battlefield all_mp,,,,,,,,,,,,,,,,,,70,20,0.35,1,,
,,,,,,,,,,,,,,,,,,,,,,,,,,,,,,,,,,,,,,,,,,,,,,,,,,
gr_type100_charge,,SFX\Weapon\SMG\type100\foley\type100_charge.wav,,0.75,0.8,50,300,,,,,reload,,curve3,,500,,curve4,0.95,1.05,,3d,,,,,pel1 pel2 oki2 oki3 pel1a pel1b mak audio_test_tuey firing_range living_battlefield all_mp,,,,,,,,,,,,,,,,,,40,60,0.55,1,,
gr_type100_mag_in,,SFX\Weapon\SMG\type100\foley\type100_mag_in.wav,,0.75,0.8,50,300,,,,,reload,,curve3,,500,,curve4,0.95,1.05,,3d,,,,,pel1 pel2 oki2 oki3 pel1a pel1b mak audio_test_tuey firing_range living_battlefield all_mp,,,,,,,,,,,,,,,,,,40,60,0.55,1,,
gr_type100_mag_out,,SFX\Weapon\SMG\type100\foley\type100_mag_out.wav,,0.75,0.8,50,300,,,,,reload,,curve3,,500,,curve4,0.95,1.05,,3d,,,,,pel1 pel2 oki2 oki3 pel1a pel1b mak audio_test_tuey firing_range living_battlefield all_mp,,,,,,,,,,,,,,,,,,40,60,0.55,1,,
gr_type100_tap,,SFX\Weapon\SMG\type100\foley\type100_tap.wav,,0.75,0.8,50,300,,,,,reload,,curve3,,500,,curve4,0.95,1.05,,3d,,,,,pel1 pel2 oki2 oki3 pel1a pel1b mak audio_test_tuey firing_range living_battlefield all_mp,,,,,,,,,,,,,,,,,,40,60,0.55,1,,
gr_type100_charge_plr,,SFX\Weapon\SMG\type100\foley\type100_charge.wav,,0.75,0.8,,,,,,,reload,,,,,,,0.95,1.05,,2d,,,,,pel1 pel2 oki2 oki3 pel1a pel1b mak audio_test_tuey firing_range living_battlefield all_mp,,,,,,,,0.5,,,,,,,,,,80,95,0.55,1,,
gr_type100_mag_in_plr,,SFX\Weapon\SMG\type100\foley\type100_mag_in.wav,,0.75,0.8,,,,,,,reload,,,,,,,0.95,1.05,,2d,,,,,pel1 pel2 oki2 oki3 pel1a pel1b mak audio_test_tuey firing_range living_battlefield all_mp,,,,,,,,0.5,,,,,,,,,,80,95,0.55,1,,
gr_type100_mag_out_plr,,SFX\Weapon\SMG\type100\foley\type100_mag_out.wav,,0.75,0.8,,,,,,,reload,,,,,,,0.95,1.05,,2d,,,,,pel1 pel2 oki2 oki3 pel1a pel1b mak audio_test_tuey firing_range living_battlefield all_mp,,,,,,,,0.5,,,,,,,,,,80,95,0.55,1,,
gr_type100_tap_plr,,SFX\Weapon\SMG\type100\foley\type100_tap.wav,,0.75,0.8,,,,,,,reload,,,,,,,0.95,1.05,,2d,,,,,pel1 pel2 oki2 oki3 pel1a pel1b mak audio_test_tuey firing_range living_battlefield all_mp,,,,,,,,0.5,,,,,,,,,,80,95,0.55,1,,
,,,,,,,,,,,,,,,,,,,,,,,,,,,,,,,,,,,,,,,,,,,,,,,,,,
#CUT CONTENT,,,,,,,,,,,,,,,,,,,,,,,,,,,,,,,,,,,,,,,,,,,,,,,,,,
#P38 UBER (CUT),,,,,,,,,,,,,,,,,,,,,,,,,,,,,,,,,,,,,,,,,,,,,,,,,,
#weap_p38_fire_ubershot_st,,SFX\Weapon\uber\uber_shot_st.wav,,0.8,0.8,,,2,oldest,,,pis_1st,,,,,,,0.88,0.92,,2d,,,,0.75,all_sp all_mp,,,weap_p38_move_st_l_uber,,,wpn_all,,,,,,,,,,,,90,90,0.25,1,,
#weap_p38_fire_ubershot_m,,SFX\Weapon\uber\uber_shot_m.wav,,0.75,0.8,250,1400,,,,,pis_3rd,,curve2,,2000,,,0.85,1,,3d,,,,0.7,all_sp all_mp,,,weap_p38_move_m_l_uber,,,,,,,,,,,,,,,90,90,0.25,1,,
#weap_p38_move_st_l_uber,,SFX\Weapon\uber\uber_m_left.wav,,0.95,1,200,6000,3,oldest,,,decay,,curve5,,,,,0.98,1.02,,3d,,,,,all_sp all_mp,,,weap_p38_move_st_r_uber,,75,,,,,,,,,,,left_shot,4,90,90,0.25,1,,
#weap_p38_move_st_r_uber,,SFX\Weapon\uber\uber_m_right.wav,,0.9,1,200,6000,3,oldest,,,decay,,curve5,,,,,1,1,,3d,,,,,all_sp all_mp,,,weap_p38_fire_plr,,100,,,,,,,,,,,right_shot,4,90,90,0.25,1,,
#weap_p38_move_m_l_uber,,SFX\Weapon\uber\uber_m_left.wav,,0.95,1,200,6000,3,oldest,,,decay,,curve5,,,,,0.98,1.02,,3d,,,,,all_sp all_mp,,,weap_p38_move_m_r_uber,,75,,,,,,,,,,,left_shot,4,90,90,0.25,1,,
#weap_p38_move_m_r_uber,,SFX\Weapon\uber\uber_m_right.wav,,0.9,1,200,6000,3,oldest,,,decay,,curve5,,,,,1,1,,3d,,,,,all_sp all_mp,,,weap_p38_fire,,100,,,,,,,,,,,right_shot,4,90,90,0.25,1,,
,,,,,,,,,,,,,,,,,,,,,,,,,,,,,,,,,,,,,,,,,,,,,,,,,,
#Springfield Sniper UBER (CUT),,,,,,,,,,,,,,,,,,,,,,,,,,,,,,,,,,,,,,,,,,,,,,,,,,
#weap_springfieldsnp_fire_ubershot_st,,SFX\Weapon\uber\uber_shot_st.wav,,1,1,,,,,,,rfl_1st,,curve3,,,,,0.98,1.04,,2d,,,,,all_sp all_mp,,,weap_springfieldsnp_move_st_l_uber,,95,wpn_all,0.25,0.5,,,,,,,,,,90,90,0.25,1,,
#weap_springfieldsnp_fire_ubershot_m,,SFX\Weapon\uber\uber_shot_m.wav,,0.9,1,500,1300,10,priority,2,oldest,rfl_3rd,,,,,,,0.95,1.05,pitch,3d,,,,0.7,all_sp all_mp,,,weap_springfieldsnp_move_m_l_uber,,,,,,,,,,,,,,,50,90,0.35,1,,
#weap_springfieldsnp_move_st_l_uber,,SFX\Weapon\uber\uber_m_left.wav,,0.95,1,200,6000,3,oldest,,,decay,,curve5,,,,,0.98,1.02,,3d,,,,,all_sp all_mp,,,weap_springfieldsnp_move_st_r_uber,,75,,,,,,,,,,,left_shot,4,90,90,0.25,1,,
#weap_springfieldsnp_move_st_r_uber,,SFX\Weapon\uber\uber_m_right.wav,,0.9,1,200,6000,3,oldest,,,decay,,curve5,,,,,1,1,,3d,,,,,all_sp all_mp,,,weap_springfield_fire_plr_snp,,100,,,,,,,,,,,right_shot,4,90,90,0.25,1,,
#weap_springfieldsnp_move_m_l_uber,,SFX\Weapon\uber\uber_m_left.wav,,0.95,1,200,6000,3,oldest,,,decay,,curve5,,,,,0.98,1.02,,3d,,,,,all_sp all_mp,,,weap_springfieldsnp_move_m_r_uber,,75,,,,,,,,,,,left_shot,4,90,90,0.25,1,,
#weap_springfieldsnp_move_m_r_uber,,SFX\Weapon\uber\uber_m_right.wav,,0.9,1,200,6000,3,oldest,,,decay,,curve5,,,,,1,1,,3d,,,,,all_sp all_mp,,,weap_springfield_fire_snp,,100,,,,,,,,,,,right_shot,4,90,90,0.25,1,,
,,,,,,,,,,,,,,,,,,,,,,,,,,,,,,,,,,,,,,,,,,,,,,,,,,
#Bouncing Betty,,,,,,,,,,,,,,,,,,,,,,,,,,,,,,,,,,,,,,,,,,,,,,,,,,
grenade_pull_pin,,SFX\Weapon\Gren\Pull_Throw\pullpin.wav,,0.9,1,200,1000,,,,,reload,,,,,,,0.9,1.1,,3d,,,,,all_sp all_mp,,,,,,,,,,,,,,,,,,90,90,0.25,1,,
Betty_activated,,SFX\Weapon\Special\Bouncing_Betty\BBTrigger.wav,,0.9,1,10,1300,,,,,hvy_wpn,,curve3,,2000,,,0.9,1,,3d,,,,0.7,all_sp all_mp,,,mortar_dirt_zombie,,,,,,,,,,,,,,,75,90,0.25,0.8,,
mortar_dirt_zombie,,SFX/Destruction/Explosion_Spc_##,,0.9,1,350,12000,,,,,full_vol,,,,,,,0.9,1.1,,3d,,,,0.8,all_sp all_mp,,,,,,,0.5,0.25,,,,0.1,,,,,,80,90,0.25,1,,yes
,,,,,,,,,,,,,,,,,,,,,,,,,,,,,,,,,,,,,,,,,,,,,,,,,,
bbetty_plant_wood,,SFX\Weapon\Special\Bouncing_Betty\bb_plant.wav,,0.9,1,50,1300,,,,,character,,curve2,,,,,0.9,1.05,,3d,,,,,all_sp,,,,,,,,,,,,,,,,,,80,95,0.25,1,,
bbetty_plant_rock,,SFX\Weapon\Special\Bouncing_Betty\bb_plant.wav,,0.9,1,50,1300,,,,,character,,curve2,,,,,0.9,1.05,,3d,,,,,all_sp,,,,,,,,,,,,,,,,,,80,95,0.25,1,,
bbetty_plant_dirt,,SFX\Weapon\Special\Bouncing_Betty\bb_plant.wav,,0.9,1,50,1300,,,,,character,,curve2,,,,,0.9,1.05,,3d,,,,,all_sp,,,,,,,,,,,,,,,,,,80,95,0.25,1,,
bbetty_plant_default,,SFX\Weapon\Special\Bouncing_Betty\bb_plant.wav,,0.9,1,50,1300,,,,,character,,curve2,,,,,0.9,1.05,,3d,,,,,all_sp,,,,,,,,,,,,,,,,,,80,95,0.25,1,,
bbetty_plant_bark,,SFX\Weapon\Special\Bouncing_Betty\bb_plant.wav,,0.9,1,50,1300,,,,,character,,curve2,,,,,0.9,1.05,,3d,,,,,all_sp,,,,,,,,,,,,,,,,,,80,95,0.25,1,,
bbetty_plant_brick,,SFX\Weapon\Special\Bouncing_Betty\bb_plant.wav,,0.9,1,50,1300,,,,,character,,curve2,,,,,0.9,1.05,,3d,,,,,all_sp,,,,,,,,,,,,,,,,,,80,95,0.25,1,,
bbetty_plant_carpet,,SFX\Weapon\Special\Bouncing_Betty\bb_plant.wav,,0.9,1,50,1300,,,,,character,,curve2,,,,,0.9,1.05,,3d,,,,,all_sp,,,,,,,,,,,,,,,,,,80,95,0.25,1,,
bbetty_plant_cloth,,SFX\Weapon\Special\Bouncing_Betty\bb_plant.wav,,0.9,1,50,1300,,,,,character,,curve2,,,,,0.9,1.05,,3d,,,,,all_sp,,,,,,,,,,,,,,,,,,80,95,0.25,1,,
bbetty_plant_concrete,,SFX\Weapon\Special\Bouncing_Betty\bb_plant.wav,,0.9,1,50,1300,,,,,character,,curve2,,,,,0.9,1.05,,3d,,,,,all_sp,,,,,,,,,,,,,,,,,,80,95,0.25,1,,
bbetty_plant_flesh,,SFX\null.wav,,0.9,1,50,1300,,,,,character,,curve2,,,,,0.9,1.05,,3d,,,,,all_sp,,,,,,,,,,,,,,,,,,80,95,0.25,1,,
bbetty_plant_foliage,,SFX\Weapon\Special\Bouncing_Betty\bb_plant.wav,,0.9,1,50,1300,,,,,character,,curve2,,,,,0.9,1.05,,3d,,,,,all_sp,,,,,,,,,,,,,,,,,,80,95,0.25,1,,
bbetty_plant_glass,,SFX\Weapon\Special\Bouncing_Betty\bb_plant.wav,,0.9,1,50,1300,,,,,character,,curve2,,,,,0.9,1.05,,3d,,,,,all_sp,,,,,,,,,,,,,,,,,,80,95,0.25,1,,
bbetty_plant_grass,,SFX\Weapon\Special\Bouncing_Betty\bb_plant.wav,,0.9,1,50,1300,,,,,character,,curve2,,,,,0.9,1.05,,3d,,,,,all_sp,,,,,,,,,,,,,,,,,,80,95,0.25,1,,
bbetty_plant_gravel,,SFX\Weapon\Special\Bouncing_Betty\bb_plant.wav,,0.9,1,50,1300,,,,,character,,curve2,,,,,0.9,1.05,,3d,,,,,all_sp,,,,,,,,,,,,,,,,,,80,95,0.25,1,,
bbetty_plant_ice,,SFX\Weapon\Special\Bouncing_Betty\bb_plant.wav,,0.9,1,50,1300,,,,,character,,curve2,,,,,0.9,1.05,,3d,,,,,all_sp,,,,,,,,,,,,,,,,,,80,95,0.25,1,,
bbetty_plant_metal,,SFX\Weapon\Special\Bouncing_Betty\bb_plant.wav,,0.9,1,50,1300,,,,,character,,curve2,,,,,0.9,1.05,,3d,,,,,all_sp,,,,,,,,,,,,,,,,,,80,95,0.25,1,,
bbetty_plant_mud,,SFX\Weapon\Special\Bouncing_Betty\bb_plant.wav,,0.9,1,50,1300,,,,,character,,curve2,,,,,0.9,1.05,,3d,,,,,all_sp,,,,,,,,,,,,,,,,,,80,95,0.25,1,,
bbetty_plant_paper,,SFX\Weapon\Special\Bouncing_Betty\bb_plant.wav,,0.9,1,50,1300,,,,,character,,curve2,,,,,0.9,1.05,,3d,,,,,all_sp,,,,,,,,,,,,,,,,,,80,95,0.25,1,,
bbetty_plant_plaster,,SFX\Weapon\Special\Bouncing_Betty\bb_plant.wav,,0.9,1,50,1300,,,,,character,,curve2,,,,,0.9,1.05,,3d,,,,,all_sp,,,,,,,,,,,,,,,,,,80,95,0.25,1,,
bbetty_plant_sand,,SFX\Weapon\Special\Bouncing_Betty\bb_plant.wav,,0.9,1,50,1300,,,,,character,,curve2,,,,,0.9,1.05,,3d,,,,,all_sp,,,,,,,,,,,,,,,,,,80,95,0.25,1,,
bbetty_plant_snow,,SFX\Weapon\Special\Bouncing_Betty\bb_plant.wav,,0.9,1,50,1300,,,,,character,,curve2,,,,,0.9,1.05,,3d,,,,,all_sp,,,,,,,,,,,,,,,,,,80,95,0.25,1,,
,,,,,,,,,,,,,,,,,,,,,,,,,,,,,,,,,,,,,,,,,,,,,,,,,,
# Bowie Knife,,,,,,,,,,,,,,,,,,,,,,,,,,,,,,,,,,,,,,,,,,,,,,,,,,
bowie_swing,,SFX\Weapon\bowie\bowie_swing_##,,0.9,1,100,100,,,,,full_vol,,,,,,,0.9,1.1,,3d,,,,,,,,,,,wpn_all,0.3,1,,,,,,,,,,90,90,0.25,1,,
bowie_stab,,SFX\Weapon\bowie\bowie_stab_##,,0.9,1,100,100,,,,,full_vol,,,,,,,0.9,1.1,,3d,,,,,,,,,,,wpn_all,0.3,1,,,,,,,,,,90,90,0.25,1,,
bowie_pull,,SFX\Weapon\knife\knife_pull_##,,0.9,1,100,100,,,,,full_vol,,,,,,,0.9,1.1,,3d,,,,,,,,,,,wpn_all,0.3,1,,,,,,,,,,90,90,0.25,1,,
,,,,,,,,,,,,,,,,,,,,,,,,,,,,,,,,,,,,,,,,,,,,,,,,,,
bowie_start,,SFX\Weapon\bowie\bowie_start.wav,,1,1,,,,,,,full_vol,,,0.8,,,,1,1,,2d,,,,,,,,,,,wpn_all,0.2,,,,,,,,,,,90,90,0.25,1,,
bowie_turn,,SFX\Weapon\bowie\bowie_turn.wav,,0.75,0.75,,,,,,,full_vol,,,0.8,,,,1,1,,2d,,,,,,,,,,,wpn_all,0.2,,,,,,,,,,,90,90,0.25,1,,
bowie_toss,,SFX\Weapon\bowie\bowie_toss.wav,,1,1,,,,,,,full_vol,,,0.8,,,,1,1,,2d,,,,,,,,,,,wpn_all,0.2,,,,,,,,,,,90,90,0.25,1,,
bowie_catch,,SFX\Weapon\bowie\bowie_catch.wav,,1,1,,,,,,,full_vol,,,0.8,,,,1,1,,2d,,,,,,,,,,,wpn_all,0.2,,,,,,,,,,,90,90,0.25,1,,
,,,,,,,,,,,,,,,,,,,,,,,,,,,,,,,,,,,,,,,,,,,,,,,,,,
#Molotov Cocktail,,,,,,,,,,,,,,,,,,,,,,,,,,,,,,,,,,,,,,,,,,,,,,,,,,
weap_molotov_flick_open,,SFX\Weapon\Special\Molotov\molotov_light_00.wav,,0.9,1,35,3000,,,,,explosion,,,,,,,0.85,1,,3d,,,,,all_sp,,,,,,,,,,,,,,,,,,90,90,0.25,1,,
weap_molotov_light,,SFX\Weapon\Special\Molotov\molotov_light_00.wav,,0.9,1,35,3000,,,,,explosion,,,,,,,0.85,1,,3d,,,,,all_sp,,,,,,,,,,,,,,,,,,90,90,0.25,1,,
weap_molotov_flick_close,,SFX\Weapon\Special\Molotov\molotov_light_00.wav,,0.9,1,35,3000,,,,,explosion,,,,,,,0.85,1,,3d,,,,,all_sp,,,,,,,,,,,,,,,,,,90,90,0.25,1,,
#weap_molotov_fuseburn,,SFX\Weapon\Special\Molotov\molotov_armed_00.wav,,0.9,1,35,3000,,,,,explosion,,,,,,,0.85,1,,3d,,,,,all_sp,,,,,,,,,,,,,,,,,,90,90,0.25,1,,
weap_molotov_throw,,SFX\Weapon\Special\Molotov\molotov_throw_00.wav,,0.9,1,35,3000,,,,,explosion,,,,,,,0.85,1,,3d,,,,,all_sp,,,foley_throw,,,,,,,,,,,,,,,90,90,0.25,1,,
weap_molotov_impact,,SFX\Weapon\Special\Molotov\molotov_explode_00.wav,,0.9,1,35,3000,,,,,explosion,,,,,,,0.85,1,,3d,,,,,all_sp,,,,,,,,,,,,,,,,,,90,90,0.25,1,,
,,,,,,,,,,,,,,,,,,,,,,,,,,,,,,,,,,,,,,,,,,,,,,,,,,
#Perks,,,,,,,,,,,,,,,,,,,,,,,,,,,,,,,,,,,,,,,,,,,,,,,,,,
explode_0,,SFX\Levels\zombie\explosion\explode_0.wav,,0.9,1,35,3000,,,,,explosion,,,,,,,0.85,1,,3d,,,,,all_sp,,,,,,,,,,,,,,,,,,90,90,0.25,1,,
explode_1,,SFX\Levels\zombie\explosion\explode_1.wav,,0.9,1,35,3000,,,,,explosion,,,,,,,0.85,1,,3d,,,,,all_sp,,,,,,,,,,,,,,,,,,90,90,0.25,1,,
explode_2,,SFX\Levels\zombie\explosion\explode_2.wav,,0.9,1,35,3000,,,,,explosion,,,,,,,0.85,1,,3d,,,,,all_sp,,,,,,,,,,,,,,,,,,90,90,0.25,1,,
rocket_explode_dirt,,SFX/Destruction/explosion_main_##,,0.6,0.8,500,4000,,,,,explosion,,curve4,,5000,,,0.9,1.1,pitch,3d,,,,,pel2 sniper see1 see2 pel1a pel1b ber1 pby oki2 oki3 ber2 ber3b,,,rocket_debris_dirt,,,,0.5,,,,,0,,,,,,50,80,0.15,0.75,,yes
rocket_debris_dirt,,SFX/Destruction/Explosion_Debris/Dirt_##,,0.6,0.8,35,3000,,,,,explosion,,curve2,,3200,,,0.9,1.08,pitch,3d,,,,,pel2 sniper see1 see2 pel1a pel1b ber1 pby oki2 oki3 ber2 ber3 ber3b,,,rocket_expander,,,,0.5,,,,,,,,,,,50,80,0.15,0.75,,yes
,,,,,,,,,,,,,,,,,,,,,,,,,,,,,,,,,,,,,,,,,,,,,,,,,,
#Zombies,,,,,,,,,,,,,,,,,,,,,,,,,,,,,,,,,,,,,,,,,,,,,,,,,,
zombie_spawn_0,,sfx\levels\zombie\spawn\dirt_spawn_0.wav,,1,1,250,2000,3,priority,,,full_vol,,curve4,,2250,,curve2,1,1,,3d,,,,,,,,,,,,,,,,,,,,,,,40,60,0.25,1,,
zombie_spawn_1,,sfx\levels\zombie\spawn\dirt_spawn_1.wav,,1,1,250,2000,3,priority,,,full_vol,,curve4,,2250,,curve2,1,1,,3d,,,,,,,,,,,,,,,,,,,,,,,40,60,0.25,1,,